{
  "speedy_config" : {
    "header" :
    {
       "program_announce" : "Speedy2 Nordic nRF52840 Dongle Programmer"
    },
    "left_column" :
    {
      "font" : [ "FreeMono",28,"bold"],
      "width_in_chars" : 18,
      "file_select_button" :
      {
        "text_no_file" : "choose file\nto upload",
        "text_file_selected_pre" : "current file=\n",
        "text_file_selected_post" : "\npush to change"
      }
    },
    "right_column" : {
      "header_text" : "Below a record of activity, also in the log",
      "font" : [ "Yrsa",20,"bold"],
      "width_in_chars" : 55
    }
  }
}
